,rloss_b,kl_loss,closs_b,rloss_e,closs_e,vloss_e,aae_loss
0,1655.330078125,,0.6926501989364624,551.08824146893,0.5709033534459188,461.83267624313766,
1,1614.4554443359375,,0.6922561526298523,465.2994824132175,0.5497763049095234,456.011827623522,
2,1559.6025390625,,0.688187837600708,461.0247224848321,0.3711031142701494,,
3,1494.923095703125,,0.6927385926246643,457.2085592932735,0.3448413187730397,,
4,1387.9384765625,,0.6921792030334473,455.97550174361425,0.3412794005786273,,
5,1325.9056396484375,,0.685965895652771,454.3523304174978,0.3354162601291711,,
6,1215.4801025390625,,0.6906142234802246,453.5675206826934,0.3329660093530695,,
7,1121.9281005859375,,0.687834620475769,453.129731306793,0.3336841119519362,,
8,1042.21435546875,,0.6927682161331177,451.31760877244017,0.3293740611972538,,
9,929.638427734375,,0.69490647315979,450.4348265735816,0.3281733662101394,,
10,838.6688232421875,,0.6909973621368408,,,,
11,767.64404296875,,0.6871750354766846,,,,
12,699.0005493164062,,0.6902579665184021,,,,
13,697.0758056640625,,0.6888511180877686,,,,
14,638.2703247070312,,0.686721682548523,,,,
15,625.1863403320312,,0.6770848035812378,,,,
16,591.7567138671875,,0.68165123462677,,,,
17,560.1382446289062,,0.6879160404205322,,,,
18,580.2138671875,,0.6785107851028442,,,,
19,553.321533203125,,0.6795364618301392,,,,
20,558.087646484375,,0.7010458111763,,,,
21,552.58544921875,,0.6826562881469727,,,,
22,538.3092041015625,,0.68528151512146,,,,
23,554.5942993164062,,0.6755379438400269,,,,
24,536.3150024414062,,0.6703694462776184,,,,
25,511.97967529296875,,0.6586217880249023,,,,
26,522.085205078125,,0.6684771776199341,,,,
27,514.289794921875,,0.6958482265472412,,,,
28,515.3655395507812,,0.6739047765731812,,,,
29,477.8485412597656,,0.6667594909667969,,,,
30,512.2340087890625,,0.6798872947692871,,,,
31,466.48516845703125,,0.6335155963897705,,,,
32,494.0740661621094,,0.686887264251709,,,,
33,476.2493896484375,,0.6784653663635254,,,,
34,487.54461669921875,,0.6282801628112793,,,,
35,497.3992919921875,,0.6483564376831055,,,,
36,517.3732299804688,,0.6373820900917053,,,,
37,509.50982666015625,,0.6538617610931396,,,,
38,489.5562744140625,,0.6390013694763184,,,,
39,507.89898681640625,,0.6343472599983215,,,,
40,467.6666259765625,,0.6225139498710632,,,,
41,503.68841552734375,,0.6422916650772095,,,,
42,481.63153076171875,,0.6144430637359619,,,,
43,466.7059326171875,,0.5992812514305115,,,,
44,471.4061279296875,,0.6433823108673096,,,,
45,468.978759765625,,0.6239075064659119,,,,
46,460.4128723144531,,0.6001228094100952,,,,
47,462.7530517578125,,0.604426383972168,,,,
48,459.40899658203125,,0.6293317675590515,,,,
49,500.9059143066406,,0.632328450679779,,,,
50,480.5545959472656,,0.5967537760734558,,,,
51,495.48248291015625,,0.5829247832298279,,,,
52,478.29541015625,,0.5752496719360352,,,,
53,457.99346923828125,,0.5732564926147461,,,,
54,489.74798583984375,,0.5489272475242615,,,,
55,472.64910888671875,,0.6022627353668213,,,,
56,486.92742919921875,,0.6039743423461914,,,,
57,488.9787292480469,,0.5458961725234985,,,,
58,481.41815185546875,,0.5703009366989136,,,,
59,509.4903564453125,,0.5264065265655518,,,,
60,493.90045166015625,,0.5131526589393616,,,,
61,471.3048095703125,,0.47893014550209045,,,,
62,487.46539306640625,,0.47444456815719604,,,,
63,482.95660400390625,,0.48915383219718933,,,,
64,486.4278564453125,,0.42464664578437805,,,,
65,455.50103759765625,,0.48362141847610474,,,,
66,491.6170654296875,,0.4400061368942261,,,,
67,444.02630615234375,,0.5931143760681152,,,,
68,474.6683349609375,,0.4487399160861969,,,,
69,463.36151123046875,,0.3995099663734436,,,,
70,474.10260009765625,,0.4279453158378601,,,,
71,487.68792724609375,,0.39579886198043823,,,,
72,502.77801513671875,,0.4083217978477478,,,,
73,500.400146484375,,0.36283162236213684,,,,
74,480.53399658203125,,0.3682073950767517,,,,
75,495.8257141113281,,0.39556050300598145,,,,
76,462.4842529296875,,0.347153902053833,,,,
77,496.59466552734375,,0.3740535378456116,,,,
78,471.84405517578125,,0.37672924995422363,,,,
79,466.1097106933594,,0.45350709557533264,,,,
80,465.18255615234375,,0.36588072776794434,,,,
81,462.2369384765625,,0.4237639904022217,,,,
82,462.6517333984375,,0.43751803040504456,,,,
83,457.8306884765625,,0.3911750912666321,,,,
84,453.09869384765625,,0.459631085395813,,,,
85,494.2318115234375,,0.5201327800750732,,,,
86,475.202392578125,,0.4853494167327881,,,,
87,490.76611328125,,0.5108486413955688,,,,
88,473.63531494140625,,0.3759568929672241,,,,
89,451.2303161621094,,0.4262714684009552,,,,
90,482.9609069824219,,0.5647197961807251,,,,
91,467.7613525390625,,0.5498350262641907,,,,
92,484.30377197265625,,0.6412850618362427,,,,
93,483.04119873046875,,0.5390416979789734,,,,
94,477.87994384765625,,0.5667363405227661,,,,
95,504.07049560546875,,0.5679139494895935,,,,
96,488.1523742675781,,0.5243146419525146,,,,
97,468.6431884765625,,0.5278149843215942,,,,
98,482.44573974609375,,0.5715739727020264,,,,
99,481.0491943359375,,0.6273083090782166,,,,
100,483.49627685546875,,0.5807653665542603,,,,
101,452.1231689453125,,0.5723437666893005,,,,
102,484.6703796386719,,0.6155378818511963,,,,
103,441.1179504394531,,0.47595641016960144,,,,
104,471.66094970703125,,0.6288975477218628,,,,
105,455.46966552734375,,0.6624438762664795,,,,
106,469.3352355957031,,0.5615484714508057,,,,
107,478.0221252441406,,0.56793212890625,,,,
108,498.9488220214844,,0.5466316938400269,,,,
109,496.4630126953125,,0.6070833206176758,,,,
110,475.2512512207031,,0.46336108446121216,,,,
111,492.77880859375,,0.600945234298706,,,,
112,456.9465026855469,,0.6036825776100159,,,,
113,490.59991455078125,,0.5704730153083801,,,,
114,472.20196533203125,,0.5454481840133667,,,,
115,454.47210693359375,,0.5521866083145142,,,,
116,462.77337646484375,,0.6843579411506653,,,,
117,463.60345458984375,,0.5938482284545898,,,,
118,449.4981689453125,,0.5968055725097656,,,,
119,456.99725341796875,,0.5404899716377258,,,,
120,453.01434326171875,,0.5491158962249756,,,,
121,490.9764099121094,,0.5547068119049072,,,,
122,474.9695739746094,,0.5981100797653198,,,,
123,489.59173583984375,,0.5064353942871094,,,,
124,471.4488220214844,,0.595277726650238,,,,
125,450.8606262207031,,0.5851743221282959,,,,
126,482.51776123046875,,0.5792206525802612,,,,
127,463.5777282714844,,0.5642887353897095,,,,
128,480.8773498535156,,0.5838615298271179,,,,
129,482.73394775390625,,0.5537081360816956,,,,
130,476.2733154296875,,0.5831263065338135,,,,
131,501.531005859375,,0.5333125591278076,,,,
132,486.1634521484375,,0.5283048152923584,,,,
133,464.96099853515625,,0.5205098986625671,,,,
134,478.93011474609375,,0.5454345345497131,,,,
135,477.374755859375,,0.655069887638092,,,,
136,481.74383544921875,,0.5485086441040039,,,,
137,447.14886474609375,,0.5965088605880737,,,,
138,482.6969909667969,,0.5636440515518188,,,,
139,440.0811767578125,,0.4545414447784424,,,,
140,470.3462829589844,,0.6265327334403992,,,,
141,485.7110290527344,,0.5174325704574585,,,,
142,473.992431640625,,0.5103185772895813,,,,
143,476.81591796875,,0.5496921539306641,,,,
144,476.2349853515625,,0.596295952796936,,,,
145,468.5280456542969,,0.5659501552581787,,,,
146,459.22991943359375,,0.4863067865371704,,,,
147,492.951171875,,0.5764550566673279,,,,
148,465.031982421875,,0.6260067224502563,,,,
149,457.81298828125,,0.6114710569381714,,,,
150,463.7109680175781,,0.6083031892776489,,,,
151,464.9586181640625,,0.6357956528663635,,,,
152,482.0413818359375,,0.5390985608100891,,,,
153,459.06787109375,,0.625971794128418,,,,
154,508.79852294921875,,0.5646607875823975,,,,
155,490.2473449707031,,0.487211138010025,,,,
156,461.247802734375,,0.4727524518966675,,,,
157,473.160400390625,,0.6406424045562744,,,,
158,463.4811706542969,,0.5418105125427246,,,,
159,482.35009765625,,0.5049280524253845,,,,
160,474.8692626953125,,0.5965249538421631,,,,
161,470.0888977050781,,0.5966285467147827,,,,
162,454.59259033203125,,0.558006763458252,,,,
163,480.2972412109375,,0.6342154145240784,,,,
164,470.7193298339844,,0.5857461094856262,,,,
165,466.31500244140625,,0.5644192099571228,,,,
166,467.6769104003906,,0.5494985580444336,,,,
167,455.257080078125,,0.5689340829849243,,,,
168,467.09747314453125,,0.5681726336479187,,,,
169,460.26153564453125,,0.6269712448120117,,,,
170,457.2870178222656,,0.5801035165786743,,,,
171,479.074951171875,,0.5955822467803955,,,,
172,451.2618713378906,,0.587612509727478,,,,
173,458.3214416503906,,0.5176553130149841,,,,
174,482.35638427734375,,0.5706206560134888,,,,
175,464.64422607421875,,0.5009474754333496,,,,
176,467.5532531738281,,0.49279314279556274,,,,
177,486.1420593261719,,0.5447068214416504,,,,
178,475.7366943359375,,0.5184946060180664,,,,
179,474.8197937011719,,0.5479714870452881,,,,
180,474.5903015136719,,0.6262959241867065,,,,
181,467.55596923828125,,0.5461788773536682,,,,
182,459.672119140625,,0.4840529263019562,,,,
183,490.06243896484375,,0.5328275561332703,,,,
184,464.186279296875,,0.6425436735153198,,,,
185,457.0184020996094,,0.5954992175102234,,,,
186,459.2967224121094,,0.610741138458252,,,,
187,466.90277099609375,,0.5937772989273071,,,,
188,481.40338134765625,,0.5277436971664429,,,,
189,456.2778015136719,,0.6256777048110962,,,,
190,508.30523681640625,,0.5637415647506714,,,,
191,487.5833435058594,,0.47048628330230713,,,,
192,461.22735595703125,,0.46701329946517944,,,,
193,473.92279052734375,,0.6904740929603577,,,,
194,463.41912841796875,,0.5314435958862305,,,,
195,479.17840576171875,,0.4854961335659027,,,,
196,473.0301818847656,,0.6004071235656738,,,,
197,468.70672607421875,,0.6141348481178284,,,,
198,453.8207702636719,,0.55978924036026,,,,
199,479.4810791015625,,0.597344160079956,,,,
200,470.981689453125,,0.5645512342453003,,,,
201,461.9705810546875,,0.533136785030365,,,,
202,466.9360656738281,,0.5478699207305908,,,,
203,454.8270263671875,,0.5787291526794434,,,,
204,465.614013671875,,0.5757734179496765,,,,
205,460.41497802734375,,0.6471889019012451,,,,
206,457.9034729003906,,0.5835318565368652,,,,
207,475.90472412109375,,0.598081111907959,,,,
208,450.23980712890625,,0.573605477809906,,,,
209,459.380126953125,,0.5504814982414246,,,,
210,481.079345703125,,0.5658469796180725,,,,
211,464.6229248046875,,0.49112337827682495,,,,
212,466.3363952636719,,0.5041084289550781,,,,
213,483.1909484863281,,0.5175520181655884,,,,
214,473.5170593261719,,0.5040382742881775,,,,
215,474.0169982910156,,0.5495251417160034,,,,
216,473.6983642578125,,0.6122552156448364,,,,
217,465.2459411621094,,0.5335367321968079,,,,
218,455.81378173828125,,0.4558337926864624,,,,
219,488.22100830078125,,0.5641623735427856,,,,
220,461.3851318359375,,0.6103687286376953,,,,
221,456.417724609375,,0.612416684627533,,,,
222,459.3173828125,,0.5967130661010742,,,,
223,463.2662353515625,,0.6268187165260315,,,,
224,481.71881103515625,,0.5416136384010315,,,,
225,456.980224609375,,0.6197000741958618,,,,
226,506.0133361816406,,0.5486297607421875,,,,
227,489.1785888671875,,0.46988457441329956,,,,
228,460.787841796875,,0.4545601010322571,,,,
229,470.9267272949219,,0.6421571373939514,,,,
230,461.78399658203125,,0.5168623328208923,,,,
231,479.2319030761719,,0.500420093536377,,,,
232,470.7052917480469,,0.5947741270065308,,,,
233,467.02923583984375,,0.6175636053085327,,,,
234,455.10797119140625,,0.5649440884590149,,,,
235,476.3667907714844,,0.5957483053207397,,,,
236,469.6937561035156,,0.5642198324203491,,,,
237,464.25750732421875,,0.5651469826698303,,,,
238,463.7332763671875,,0.5702824592590332,,,,
239,452.230712890625,,0.5673520565032959,,,,
240,464.6719055175781,,0.5660145878791809,,,,
241,457.0919494628906,,0.6289927363395691,,,,
242,454.0062255859375,,0.5932537913322449,,,,
243,475.4566650390625,,0.5952361226081848,,,,
244,449.36810302734375,,0.5944891571998596,,,,
245,455.7652282714844,,0.5025662183761597,,,,
246,480.9801025390625,,0.5879308581352234,,,,
247,462.50921630859375,,0.48684602975845337,,,,
248,463.8634033203125,,0.471466064453125,,,,
249,483.3807678222656,,0.5199435949325562,,,,
250,472.5123291015625,,0.5167712569236755,,,,
251,472.93048095703125,,0.5478605031967163,,,,
252,471.66412353515625,,0.6158552169799805,,,,
253,465.49176025390625,,0.5408031940460205,,,,
254,456.17498779296875,,0.4854559600353241,,,,
255,485.9679870605469,,0.5323688387870789,,,,
256,462.47918701171875,,0.612796425819397,,,,
257,453.135986328125,,0.6118963956832886,,,,
258,456.46343994140625,,0.6103845238685608,,,,
259,463.7604675292969,,0.6012423634529114,,,,
260,477.7835998535156,,0.5199658870697021,,,,
261,454.42852783203125,,0.5952719449996948,,,,
262,504.8520202636719,,0.5809472799301147,,,,
263,485.357666015625,,0.48578864336013794,,,,
264,458.02978515625,,0.45508208870887756,,,,
265,469.45635986328125,,0.6242137551307678,,,,
266,458.9906311035156,,0.529851496219635,,,,
267,476.67236328125,,0.488491952419281,,,,
268,470.73590087890625,,0.5789451599121094,,,,
269,464.25457763671875,,0.5948705673217773,,,,
270,451.2008056640625,,0.5501471757888794,,,,
271,474.56988525390625,,0.6107043623924255,,,,
272,465.240478515625,,0.532984733581543,,,,
273,462.42730712890625,,0.5203776359558105,,,,
274,464.4562683105469,,0.5051251649856567,,,,
275,451.47064208984375,,0.369488000869751,,,,
276,465.4850769042969,,0.3654436469078064,,,,
277,457.227783203125,,0.4251256585121155,,,,
278,453.4925842285156,,0.3963613510131836,,,,
279,474.8538818359375,,0.3616390824317932,,,,
280,447.1319885253906,,0.4419742822647095,,,,
281,454.3726806640625,,0.3485163450241089,,,,
282,479.63165283203125,,0.37892967462539673,,,,
283,491.6761169433594,,0.36873823404312134,,,,
284,451.0148010253906,,0.36429524421691895,,,,
285,472.072021484375,,0.33204731345176697,,,,
286,488.06329345703125,,0.3776733875274658,,,,
287,459.34100341796875,,0.36213892698287964,,,,
288,457.396484375,,0.3317091464996338,,,,
289,469.8742980957031,,0.33319801092147827,,,,
290,476.13470458984375,,0.31506285071372986,,,,
291,465.0162353515625,,0.35795870423316956,,,,
292,470.8621826171875,,0.3659924566745758,,,,
293,474.8371276855469,,0.3781079649925232,,,,
294,488.98046875,,0.4078088700771332,,,,
295,452.357421875,,0.4576217532157898,,,,
296,458.96649169921875,,0.3789690434932709,,,,
297,464.87823486328125,,0.34825608134269714,,,,
298,482.573486328125,,0.35885095596313477,,,,
299,451.4196472167969,,0.38841235637664795,,,,
300,469.7685546875,,0.3593960106372833,,,,
301,463.9753112792969,,0.4394560754299164,,,,
302,474.7684020996094,,0.44824060797691345,,,,
303,471.1566467285156,,0.506255567073822,,,,
304,483.7386169433594,,0.5164102911949158,,,,
305,481.5563659667969,,0.4892580509185791,,,,
306,464.30535888671875,,0.37041008472442627,,,,
307,474.4442138671875,,0.3582225441932678,,,,
308,482.883056640625,,0.37144994735717773,,,,
309,452.07281494140625,,0.38872939348220825,,,,
310,442.1773681640625,,0.3498516082763672,,,,
311,431.7181701660156,,0.40231600403785706,,,,
312,471.7943420410156,,0.36706212162971497,,,,
313,429.6708984375,,0.3295212984085083,,,,
314,459.8359680175781,,0.42254313826560974,,,,
315,442.3515625,,0.3782779574394226,,,,
316,443.9093017578125,,0.3919050991535187,,,,
317,472.4682922363281,,0.45338284969329834,,,,
318,479.1981201171875,,0.4979538917541504,,,,
319,490.8033447265625,,0.43193191289901733,,,,
320,452.0506286621094,,0.35752829909324646,,,,
321,473.075439453125,,0.3905887007713318,,,,
322,487.1285400390625,,0.3644513487815857,,,,
323,461.738525390625,,0.3456069827079773,,,,
324,454.36871337890625,,0.3624444007873535,,,,
325,468.91387939453125,,0.34612876176834106,,,,
326,475.6091003417969,,0.31837230920791626,,,,
327,463.5640869140625,,0.37607160210609436,,,,
328,470.07403564453125,,0.3834155201911926,,,,
329,473.9403381347656,,0.33808043599128723,,,,
330,486.6666259765625,,0.4503733515739441,,,,
331,449.5547180175781,,0.4035024642944336,,,,
332,457.03387451171875,,0.3899487853050232,,,,
333,459.83984375,,0.37547898292541504,,,,
334,480.7174072265625,,0.3210962414741516,,,,
335,448.5479736328125,,0.36280378699302673,,,,
336,470.3099365234375,,0.35572895407676697,,,,
337,463.1341857910156,,0.34769392013549805,,,,
338,473.5116271972656,,0.389285147190094,,,,
339,467.8830261230469,,0.4010869264602661,,,,
340,480.5048828125,,0.4460400640964508,,,,
341,479.11279296875,,0.42070382833480835,,,,
342,462.7181701660156,,0.33414018154144287,,,,
343,472.7061462402344,,0.33613884449005127,,,,
344,482.9983825683594,,0.36239928007125854,,,,
345,449.6126708984375,,0.3442749083042145,,,,
346,440.4637756347656,,0.41639167070388794,,,,
347,429.73974609375,,0.40352845191955566,,,,
348,470.256591796875,,0.3751271367073059,,,,
349,428.000732421875,,0.35856330394744873,,,,
350,457.2944030761719,,0.39089882373809814,,,,
351,440.56048583984375,,0.3697597086429596,,,,
352,442.5291442871094,,0.40057599544525146,,,,
353,471.6173095703125,,0.3816596269607544,,,,
354,477.4137268066406,,0.3499569296836853,,,,
355,489.8096923828125,,0.32933029532432556,,,,
356,450.2137756347656,,0.31471002101898193,,,,
357,470.5318603515625,,0.3482480049133301,,,,
358,485.132080078125,,0.36118048429489136,,,,
359,458.1295166015625,,0.3689078092575073,,,,
360,451.98052978515625,,0.3597800135612488,,,,
361,467.78753662109375,,0.3495257794857025,,,,
362,473.158203125,,0.3309442400932312,,,,
363,462.43084716796875,,0.3442222476005554,,,,
364,468.50885009765625,,0.40345460176467896,,,,
365,472.95953369140625,,0.3773331642150879,,,,
366,483.9168701171875,,0.4057372808456421,,,,
367,449.22021484375,,0.3448905944824219,,,,
368,455.39764404296875,,0.35855069756507874,,,,
369,459.43829345703125,,0.3509342670440674,,,,
370,480.8282775878906,,0.3584185838699341,,,,
371,447.31402587890625,,0.34671029448509216,,,,
372,467.5772705078125,,0.3452516794204712,,,,
373,461.4954528808594,,0.40225911140441895,,,,
374,472.99151611328125,,0.40765953063964844,,,,
375,467.2327880859375,,0.3968084454536438,,,,
376,480.3077392578125,,0.3802557587623596,,,,
377,478.44000244140625,,0.39167356491088867,,,,
378,463.3742980957031,,0.3457663357257843,,,,
379,472.1612548828125,,0.3523857593536377,,,,
380,481.2947998046875,,0.3807191550731659,,,,
381,448.39569091796875,,0.32792094349861145,,,,
382,440.7725830078125,,0.3606952130794525,,,,
383,428.89373779296875,,0.3988373875617981,,,,
384,469.56787109375,,0.3723028898239136,,,,
385,428.25518798828125,,0.33512771129608154,,,,
386,455.778564453125,,0.36034828424453735,,,,
387,440.2698974609375,,0.3411768674850464,,,,
388,441.73504638671875,,0.374529093503952,,,,
389,471.29205322265625,,0.3982551097869873,,,,
390,477.46441650390625,,0.36240750551223755,,,,
391,489.64410400390625,,0.3342089056968689,,,,
392,448.96160888671875,,0.3295907974243164,,,,
393,469.41314697265625,,0.33043786883354187,,,,
394,484.6575012207031,,0.36951154470443726,,,,
395,457.00543212890625,,0.35198378562927246,,,,
396,452.4609680175781,,0.33704814314842224,,,,
397,467.3804931640625,,0.3380323648452759,,,,
398,472.8178405761719,,0.3294774889945984,,,,
399,462.0599365234375,,0.36963188648223877,,,,
400,468.4335632324219,,0.325827032327652,,,,
401,471.9884338378906,,0.35315725207328796,,,,
402,483.8392333984375,,0.3909388482570648,,,,
403,446.3671569824219,,0.4360131025314331,,,,
404,454.9833984375,,0.3527858853340149,,,,
405,459.077392578125,,0.3618318438529968,,,,
406,479.4852294921875,,0.36118388175964355,,,,
407,446.6574401855469,,0.37329232692718506,,,,
408,467.0455627441406,,0.3451541066169739,,,,
409,460.5950927734375,,0.33062776923179626,,,,
410,471.52978515625,,0.40624457597732544,,,,
411,467.06536865234375,,0.45877814292907715,,,,
412,480.402587890625,,0.44094759225845337,,,,
413,477.9188537597656,,0.4346962571144104,,,,
414,462.3581237792969,,0.36061447858810425,,,,
415,471.6523742675781,,0.31425005197525024,,,,
416,481.4736328125,,0.3528633117675781,,,,
417,448.69073486328125,,0.38001617789268494,,,,
418,440.42303466796875,,0.3772629499435425,,,,
419,428.3214111328125,,0.350946843624115,,,,
420,469.3972473144531,,0.3309248685836792,,,,
421,427.4374084472656,,0.3618091940879822,,,,
422,455.7977600097656,,0.37686073780059814,,,,
423,438.30029296875,,0.3383936285972595,,,,
424,441.4415283203125,,0.37015655636787415,,,,
425,468.70281982421875,,0.34507256746292114,,,,
426,469.50213623046875,,0.3142879009246826,,,,
427,454.53253173828125,,0.34507060050964355,,,,
428,469.6401062011719,,0.35780656337738037,,,,
429,456.8077697753906,,0.3608715236186981,,,,
430,493.722412109375,,0.3604593575000763,,,,
431,465.29571533203125,,0.35834068059921265,,,,
432,491.76226806640625,,0.3308334946632385,,,,
433,482.7173767089844,,0.3907550573348999,,,,
434,453.5533752441406,,0.3214207589626312,,,,
435,449.0406494140625,,0.3762434422969818,,,,
436,471.1930236816406,,0.31890586018562317,,,,
437,467.60125732421875,,0.3338521122932434,,,,
438,459.1559753417969,,0.3460202217102051,,,,
439,452.30908203125,,0.3749552071094513,,,,
440,481.0213317871094,,0.3293837308883667,,,,
441,459.18731689453125,,0.3668183982372284,,,,
442,443.07012939453125,,0.3603318929672241,,,,
443,452.8448791503906,,0.36030352115631104,,,,
444,454.94305419921875,,0.3434330224990845,,,,
445,470.8692321777344,,0.3135421872138977,,,,
446,456.87786865234375,,0.3451046049594879,,,,
447,440.049560546875,,0.3587745428085327,,,,
448,450.05535888671875,,0.3294306993484497,,,,
449,451.7835693359375,,0.343858540058136,,,,
450,459.92913818359375,,0.3354564309120178,,,,
451,459.93804931640625,,0.3350828289985657,,,,
452,455.77276611328125,,0.329569935798645,,,,
453,442.3818054199219,,0.313789427280426,,,,
454,468.8306579589844,,0.3446728587150574,,,,
455,493.8396301269531,,0.35366666316986084,,,,
456,486.5801696777344,,0.35851624608039856,,,,
457,463.10467529296875,,0.3768785893917084,,,,
458,449.05889892578125,,0.34420138597488403,,,,
459,440.68658447265625,,0.3419637084007263,,,,
460,441.92852783203125,,0.33006227016448975,,,,
461,468.58575439453125,,0.3583086133003235,,,,
462,468.7989501953125,,0.3306201696395874,,,,
463,453.5106506347656,,0.39399266242980957,,,,
464,468.7915344238281,,0.3422223627567291,,,,
465,457.1336669921875,,0.3796858787536621,,,,
466,491.68023681640625,,0.37372347712516785,,,,
467,466.13616943359375,,0.34552621841430664,,,,
468,490.52044677734375,,0.31607383489608765,,,,
469,482.9157409667969,,0.34574219584465027,,,,
470,454.6427001953125,,0.35993239283561707,,,,
471,448.2855224609375,,0.3317871689796448,,,,
472,470.3672790527344,,0.35300153493881226,,,,
473,467.8538513183594,,0.3134346604347229,,,,
474,456.8894958496094,,0.3432982265949249,,,,
475,451.12445068359375,,0.329483300447464,,,,
476,479.5172119140625,,0.3446376919746399,,,,
477,457.77764892578125,,0.3637782037258148,,,,
478,442.752197265625,,0.3507269620895386,,,,
479,453.02685546875,,0.34695619344711304,,,,
480,453.94281005859375,,0.3287127614021301,,,,
481,469.85650634765625,,0.3134167790412903,,,,
482,455.3792724609375,,0.3278236985206604,,,,
483,436.88818359375,,0.34482771158218384,,,,
484,448.3076171875,,0.4108809232711792,,,,
485,450.25128173828125,,0.32929277420043945,,,,
486,458.156494140625,,0.3357982635498047,,,,
487,459.2977294921875,,0.37302613258361816,,,,
488,455.58404541015625,,0.3300497531890869,,,,
489,440.22601318359375,,0.3328535258769989,,,,
490,468.0572509765625,,0.3323545455932617,,,,
491,493.52978515625,,0.3814728856086731,,,,
492,485.01495361328125,,0.34505942463874817,,,,
493,460.4624938964844,,0.4221210479736328,,,,
494,447.8519287109375,,0.39174768328666687,,,,
495,439.03656005859375,,0.31380394101142883,,,,
496,440.88848876953125,,0.32988184690475464,,,,
497,467.6988220214844,,0.3319942355155945,,,,
498,469.23193359375,,0.3140904903411865,,,,
499,453.9425048828125,,0.3475557565689087,,,,
500,468.36431884765625,,0.3598004877567291,,,,
501,456.04248046875,,0.35648125410079956,,,,
502,491.9908752441406,,0.3443480134010315,,,,
503,464.08294677734375,,0.3601384162902832,,,,
504,489.5656433105469,,0.3147011399269104,,,,
505,481.6956481933594,,0.3454935848712921,,,,
506,453.94891357421875,,0.383189857006073,,,,
507,447.43914794921875,,0.35534167289733887,,,,
508,471.40740966796875,,0.31462693214416504,,,,
509,466.22222900390625,,0.3447406589984894,,,,
510,456.17388916015625,,0.37551435828208923,,,,
511,452.5651550292969,,0.36518949270248413,,,,
512,478.96527099609375,,0.3602064251899719,,,,
513,457.3210144042969,,0.38972753286361694,,,,
514,441.68231201171875,,0.3853309750556946,,,,
515,451.76861572265625,,0.35930338501930237,,,,
516,453.4002685546875,,0.32927900552749634,,,,
517,468.49755859375,,0.3444710671901703,,,,
518,454.55560302734375,,0.32442939281463623,,,,
519,436.7247619628906,,0.3912436366081238,,,,
520,447.82672119140625,,0.36108022928237915,,,,
521,450.0174560546875,,0.3790395259857178,,,,
522,457.24481201171875,,0.37205207347869873,,,,
523,458.19873046875,,0.34729325771331787,,,,
524,454.5712890625,,0.3431773781776428,,,,
525,440.0703125,,0.31360697746276855,,,,
526,466.65277099609375,,0.3560703992843628,,,,
527,492.7679443359375,,0.3827674984931946,,,,
528,485.0497741699219,,0.3318454325199127,,,,
529,461.58837890625,,0.39579468965530396,,,,
530,447.892822265625,,0.352638304233551,,,,
531,439.8084716796875,,0.333828330039978,,,,
532,439.7340393066406,,0.3854166865348816,,,,
533,467.48980712890625,,0.3231111466884613,,,,
534,468.32086181640625,,0.3151119351387024,,,,
535,453.25665283203125,,0.3313882648944855,,,,
536,468.0213623046875,,0.33726343512535095,,,,
537,455.35546875,,0.3295585811138153,,,,
538,490.45098876953125,,0.3493136763572693,,,,
539,463.35247802734375,,0.3297897279262543,,,,
540,489.21832275390625,,0.3274913430213928,,,,
541,481.59222412109375,,0.36578279733657837,,,,
542,454.8651123046875,,0.3453987240791321,,,,
543,446.8826904296875,,0.3554094433784485,,,,
544,468.5811767578125,,0.3339025676250458,,,,
545,465.5497131347656,,0.35929349064826965,,,,
546,456.6959228515625,,0.34696412086486816,,,,
547,450.49786376953125,,0.3552461266517639,,,,
548,478.8024597167969,,0.3291361331939697,,,,
549,456.477294921875,,0.3290078938007355,,,,
550,441.72894287109375,,0.3444339632987976,,,,
551,450.7670593261719,,0.3290298879146576,,,,
552,453.13494873046875,,0.3161255121231079,,,,
553,468.050048828125,,0.31330806016921997,,,,
554,454.59027099609375,,0.351248174905777,,,,
555,436.0928649902344,,0.36024805903434753,,,,
556,447.001953125,,0.35124853253364563,,,,
557,450.0870666503906,,0.3291788101196289,,,,
558,458.03802490234375,,0.3445347547531128,,,,
559,457.2326965332031,,0.3445843756198883,,,,
560,454.26318359375,,0.32620978355407715,,,,
561,438.873291015625,,0.3429707884788513,,,,
562,465.3519592285156,,0.33018481731414795,,,,
563,493.15765380859375,,0.33167195320129395,,,,
564,478.1792907714844,,0.342995822429657,,,,
565,471.05517578125,,0.39148491621017456,,,,
566,440.185546875,,0.34468916058540344,,,,
567,475.15667724609375,,0.3293039798736572,,,,
568,452.15185546875,,0.31350868940353394,,,,
569,461.57086181640625,,0.34469664096832275,,,,
570,458.8485107421875,,0.4258113503456116,,,,
571,474.68841552734375,,0.3452075719833374,,,,
572,423.1337890625,,0.37331637740135193,,,,
573,461.05322265625,,0.37201088666915894,,,,
574,467.278076171875,,0.3690195083618164,,,,
575,446.7879943847656,,0.3610427677631378,,,,
576,446.0831298828125,,0.34474536776542664,,,,
577,485.368896484375,,0.3367367684841156,,,,
578,461.1321716308594,,0.3914417028427124,,,,
579,426.2396240234375,,0.36057817935943604,,,,
580,463.3702392578125,,0.3364332616329193,,,,
581,454.50616455078125,,0.3622797131538391,,,,
582,451.7346496582031,,0.34463274478912354,,,,
583,439.1593933105469,,0.31534862518310547,,,,
584,490.4481506347656,,0.328579843044281,,,,
585,473.8869934082031,,0.3138774633407593,,,,
586,480.8320007324219,,0.3152909278869629,,,,
587,472.52569580078125,,0.3446228504180908,,,,
588,458.12054443359375,,0.3144099712371826,,,,
589,465.51824951171875,,0.3482418358325958,,,,
590,453.96490478515625,,0.3515108823776245,,,,
591,455.2874755859375,,0.3318294286727905,,,,
592,453.4704284667969,,0.3136928081512451,,,,
593,455.80731201171875,,0.34426698088645935,,,,
594,442.81878662109375,,0.31800001859664917,,,,
595,468.0423583984375,,0.3358335494995117,,,,
596,456.98175048828125,,0.32935887575149536,,,,
597,463.80682373046875,,0.3339466452598572,,,,
598,473.7919616699219,,0.3449004292488098,,,,
599,449.423095703125,,0.3446844220161438,,,,
600,477.4004821777344,,0.40731728076934814,,,,
601,470.3512878417969,,0.3759305775165558,,,,
602,439.85894775390625,,0.3449538052082062,,,,
603,474.0685729980469,,0.32885703444480896,,,,
604,451.59759521484375,,0.32931193709373474,,,,
605,460.0489501953125,,0.3443472385406494,,,,
606,458.86676025390625,,0.33551323413848877,,,,
607,474.69873046875,,0.3452073335647583,,,,
608,422.48974609375,,0.4052571654319763,,,,
609,460.7772216796875,,0.3304150402545929,,,,
610,466.9178466796875,,0.313459575176239,,,,
611,446.6759033203125,,0.38855549693107605,,,,
612,444.9617614746094,,0.3459250330924988,,,,
613,484.1241455078125,,0.3438829779624939,,,,
614,460.56719970703125,,0.3589710593223572,,,,
615,425.8537902832031,,0.3142474293708801,,,,
616,463.19732666015625,,0.3371529281139374,,,,
617,453.37530517578125,,0.3132961392402649,,,,
618,450.7489013671875,,0.31340134143829346,,,,
619,438.0164489746094,,0.3466832935810089,,,,
620,489.9229431152344,,0.33010590076446533,,,,
621,474.4190368652344,,0.33365529775619507,,,,
622,481.4853210449219,,0.31394660472869873,,,,
623,470.41717529296875,,0.37576353549957275,,,,
624,456.55828857421875,,0.3456695079803467,,,,
625,464.74896240234375,,0.34372085332870483,,,,
626,454.4879150390625,,0.3448881506919861,,,,
627,455.88470458984375,,0.3190695643424988,,,,
628,453.09674072265625,,0.31371212005615234,,,,
629,455.270751953125,,0.3473144769668579,,,,
630,443.1135559082031,,0.3133409023284912,,,,
631,468.5628356933594,,0.34586775302886963,,,,
632,457.58294677734375,,0.35325706005096436,,,,
633,463.4170227050781,,0.31370002031326294,,,,
634,474.2047119140625,,0.3608115315437317,,,,
635,448.6490478515625,,0.3215692639350891,,,,
636,477.88287353515625,,0.3383793234825134,,,,
637,469.71539306640625,,0.39040815830230713,,,,
638,439.94036865234375,,0.3481237292289734,,,,
639,473.08831787109375,,0.3596760630607605,,,,
640,450.7608337402344,,0.3296298086643219,,,,
641,460.53216552734375,,0.34472423791885376,,,,
642,458.0194091796875,,0.31357908248901367,,,,
643,474.6021728515625,,0.32995548844337463,,,,
644,422.46728515625,,0.3448277413845062,,,,
645,459.702880859375,,0.33796578645706177,,,,
646,465.8896484375,,0.32937031984329224,,,,
647,446.469970703125,,0.3765140771865845,,,,
648,445.46868896484375,,0.35854607820510864,,,,
649,484.46417236328125,,0.3178980052471161,,,,
650,460.58477783203125,,0.35324934124946594,,,,
651,425.3054504394531,,0.3415617346763611,,,,
652,462.34161376953125,,0.33137834072113037,,,,
653,454.4693298339844,,0.330835223197937,,,,
654,451.2584228515625,,0.36956071853637695,,,,
655,437.9871520996094,,0.3383726477622986,,,,
656,490.5635986328125,,0.3144761323928833,,,,
657,474.8784484863281,,0.3246616721153259,,,,
658,480.8314208984375,,0.35232603549957275,,,,
659,470.4486389160156,,0.38120579719543457,,,,
660,456.87310791015625,,0.3365887403488159,,,,
661,464.33831787109375,,0.3448343575000763,,,,
662,453.78009033203125,,0.32978302240371704,,,,
663,455.38128662109375,,0.3601892590522766,,,,
664,453.2198791503906,,0.31619688868522644,,,,
665,454.5579833984375,,0.3289804458618164,,,,
666,442.3935546875,,0.38180404901504517,,,,
667,468.2437744140625,,0.3442925810813904,,,,
668,456.975341796875,,0.3278985619544983,,,,
669,463.6351318359375,,0.32662808895111084,,,,
670,473.6435852050781,,0.34461110830307007,,,,
671,447.9946594238281,,0.3289167881011963,,,,
672,477.1493835449219,,0.38708800077438354,,,,
673,470.8016662597656,,0.39075782895088196,,,,
674,438.9523010253906,,0.3746161162853241,,,,
675,473.0484924316406,,0.31843191385269165,,,,
676,449.66363525390625,,0.3451814651489258,,,,
677,460.3599548339844,,0.34309327602386475,,,,
678,458.25469970703125,,0.34504392743110657,,,,
679,473.9936218261719,,0.3429358899593353,,,,
680,422.049072265625,,0.3504296839237213,,,,
681,458.80804443359375,,0.3540937304496765,,,,
682,466.3601379394531,,0.32907313108444214,,,,
683,446.0328369140625,,0.33408695459365845,,,,
684,445.0766906738281,,0.34413716197013855,,,,
685,483.4166259765625,,0.32622820138931274,,,,
686,459.52142333984375,,0.3448297083377838,,,,
687,425.192626953125,,0.32917776703834534,,,,
688,461.61181640625,,0.3290979266166687,,,,
689,452.6854248046875,,0.35988301038742065,,,,
690,450.228271484375,,0.3265937268733978,,,,
691,437.45159912109375,,0.3295712471008301,,,,
692,489.592529296875,,0.327251672744751,,,,
693,474.38653564453125,,0.32924550771713257,,,,
694,480.2835693359375,,0.31347766518592834,,,,
695,470.05401611328125,,0.36039024591445923,,,,
696,456.43359375,,0.34494781494140625,,,,
697,465.05126953125,,0.3992283344268799,,,,
698,453.5001220703125,,0.3606421649456024,,,,
699,455.6531066894531,,0.32915616035461426,,,,
700,453.0502624511719,,0.3316267132759094,,,,
701,453.92120361328125,,0.34486308693885803,,,,
702,443.4466552734375,,0.33833640813827515,,,,
703,468.9757080078125,,0.3915201723575592,,,,
704,456.5318908691406,,0.32963597774505615,,,,
705,460.10211181640625,,0.3608754873275757,,,,
706,453.1983642578125,,0.3753660321235657,,,,
707,464.50445556640625,,0.344790518283844,,,,
708,479.58416748046875,,0.3155694007873535,,,,
709,454.69549560546875,,0.34348663687705994,,,,
710,478.1758117675781,,0.3449851870536804,,,,
711,445.8065185546875,,0.3724750280380249,,,,
712,474.6544189453125,,0.3417065739631653,,,,
713,464.69024658203125,,0.34451037645339966,,,,
714,441.8845520019531,,0.32910391688346863,,,,
715,442.37054443359375,,0.32915523648262024,,,,
716,450.9775085449219,,0.3290896415710449,,,,
717,452.04248046875,,0.375993549823761,,,,
718,443.73193359375,,0.32517290115356445,,,,
719,476.44976806640625,,0.3290526866912842,,,,
720,442.2294921875,,0.360210657119751,,,,
721,464.0674133300781,,0.3289507031440735,,,,
722,434.299560546875,,0.3135557770729065,,,,
723,453.8937072753906,,0.3381456434726715,,,,
724,476.86297607421875,,0.3450685739517212,,,,
725,476.3786315917969,,0.3647780418395996,,,,
726,459.62353515625,,0.3295283913612366,,,,
727,461.948974609375,,0.366684228181839,,,,
728,464.712158203125,,0.33053267002105713,,,,
729,467.38775634765625,,0.34898078441619873,,,,
730,452.024169921875,,0.3293256163597107,,,,
731,478.4785461425781,,0.3331417739391327,,,,
732,433.72540283203125,,0.3290742039680481,,,,
733,454.7135009765625,,0.3288446068763733,,,,
734,458.4412841796875,,0.31351858377456665,,,,
735,443.8223571777344,,0.3158206343650818,,,,
736,462.3646545410156,,0.3133833706378937,,,,
737,450.70452880859375,,0.36212173104286194,,,,
738,432.61029052734375,,0.3290095925331116,,,,
739,452.7191162109375,,0.3757501542568207,,,,
740,481.03192138671875,,0.3291286826133728,,,,
741,459.2024230957031,,0.3398647904396057,,,,
742,451.59979248046875,,0.33602845668792725,,,,
743,464.7958679199219,,0.33664554357528687,,,,
744,479.7038269042969,,0.3601531386375427,,,,
745,455.40765380859375,,0.31329551339149475,,,,
746,476.2452392578125,,0.3595132827758789,,,,
747,445.4200744628906,,0.34454232454299927,,,,
748,473.4326171875,,0.3291044533252716,,,,
749,463.42840576171875,,0.3136465549468994,,,,
750,441.663330078125,,0.33114713430404663,,,,
751,441.6373291015625,,0.3306733965873718,,,,
752,450.73529052734375,,0.328967809677124,,,,
753,451.89825439453125,,0.3132833242416382,,,,
754,443.9224853515625,,0.3134666383266449,,,,
755,476.07470703125,,0.337581604719162,,,,
756,442.276611328125,,0.375840425491333,,,,
757,463.9790954589844,,0.3439233899116516,,,,
758,433.4093933105469,,0.31493932008743286,,,,
759,453.28692626953125,,0.34462326765060425,,,,
760,476.79156494140625,,0.3466203212738037,,,,
761,476.0841369628906,,0.37577539682388306,,,,
762,459.19293212890625,,0.32874011993408203,,,,
763,461.3232421875,,0.34456801414489746,,,,
764,464.62060546875,,0.3444948196411133,,,,
765,466.4906311035156,,0.33183592557907104,,,,
766,451.3711853027344,,0.3133840560913086,,,,
767,478.1039733886719,,0.3288854956626892,,,,
768,434.011474609375,,0.3289683163166046,,,,
769,454.3025817871094,,0.31329914927482605,,,,
770,457.5755920410156,,0.3288704454898834,,,,
771,442.74383544921875,,0.3720235228538513,,,,
772,462.26263427734375,,0.31527554988861084,,,,
773,449.13470458984375,,0.34554940462112427,,,,
774,431.8534851074219,,0.3289647698402405,,,,
775,452.60955810546875,,0.34531086683273315,,,,
776,479.9727783203125,,0.3134329617023468,,,,
777,459.53326416015625,,0.3296250104904175,,,,
778,451.70635986328125,,0.3149987459182739,,,,
779,464.44854736328125,,0.345416784286499,,,,
780,479.6490478515625,,0.32846975326538086,,,,
781,454.5055236816406,,0.3137127459049225,,,,
782,476.045654296875,,0.31517279148101807,,,,
783,445.45367431640625,,0.3602457046508789,,,,
784,473.314697265625,,0.32907071709632874,,,,
785,463.9471740722656,,0.31346938014030457,,,,
786,441.386962890625,,0.3301772475242615,,,,
787,441.43414306640625,,0.32896918058395386,,,,
788,449.8437805175781,,0.3333709239959717,,,,
789,451.7891845703125,,0.31358325481414795,,,,
790,442.9820251464844,,0.3182640075683594,,,,
791,475.93096923828125,,0.3450469970703125,,,,
792,442.7088623046875,,0.3767942190170288,,,,
793,463.94281005859375,,0.3149673342704773,,,,
794,433.18060302734375,,0.32895347476005554,,,,
795,453.4126281738281,,0.3446963429450989,,,,
796,477.3438415527344,,0.3289791941642761,,,,
797,475.9891357421875,,0.3607718348503113,,,,
798,461.4726867675781,,0.3133205771446228,,,,
799,462.65924072265625,,0.3303418755531311,,,,
800,464.1861572265625,,0.3444926142692566,,,,
801,466.06341552734375,,0.33050572872161865,,,,
802,452.2391357421875,,0.3209742307662964,,,,
803,477.2967834472656,,0.32920318841934204,,,,
804,432.810791015625,,0.34455132484436035,,,,
805,454.4642333984375,,0.35941237211227417,,,,
806,458.0589904785156,,0.3290613889694214,,,,
807,442.5973815917969,,0.31330782175064087,,,,
808,461.548828125,,0.3133276700973511,,,,
809,449.3169860839844,,0.328999787569046,,,,
810,432.35870361328125,,0.3291209936141968,,,,
811,451.18963623046875,,0.3290214538574219,,,,
812,479.7472229003906,,0.328963965177536,,,,
813,459.6358642578125,,0.3133682608604431,,,,
814,451.50250244140625,,0.3135256767272949,,,,
815,463.87451171875,,0.3134554624557495,,,,
816,479.23504638671875,,0.3135937750339508,,,,
817,454.20208740234375,,0.3133046627044678,,,,
818,475.7732238769531,,0.31329578161239624,,,,
819,444.9536437988281,,0.3289473354816437,,,,
820,473.9527893066406,,0.3758994936943054,,,,
821,463.317138671875,,0.3251878023147583,,,,
822,441.6087951660156,,0.3442210555076599,,,,
823,442.234375,,0.3303958773612976,,,,
824,450.9747619628906,,0.31342458724975586,,,,
825,452.3102111816406,,0.31349194049835205,,,,
826,443.46112060546875,,0.3290427327156067,,,,
827,475.67938232421875,,0.32903602719306946,,,,
828,441.7822265625,,0.37609148025512695,,,,
829,463.8353576660156,,0.31341639161109924,,,,
830,433.4703369140625,,0.32917582988739014,,,,
831,453.8133239746094,,0.32983821630477905,,,,
832,476.32977294921875,,0.35946404933929443,,,,
833,475.0927429199219,,0.3717387020587921,,,,
834,459.55950927734375,,0.3773576319217682,,,,
835,462.0805969238281,,0.42182695865631104,,,,
836,463.89862060546875,,0.47275078296661377,,,,
837,465.6893310546875,,0.42429450154304504,,,,
838,451.5389099121094,,0.3653244972229004,,,,
839,477.9051818847656,,0.36023157835006714,,,,
840,433.27471923828125,,0.3639717698097229,,,,
841,453.63580322265625,,0.3596155047416687,,,,
842,458.16552734375,,0.31343066692352295,,,,
843,442.9853515625,,0.31745511293411255,,,,
844,461.8741455078125,,0.3280307948589325,,,,
845,449.720703125,,0.32894957065582275,,,,
846,453.52105712890625,,0.3667907118797302,,,,
847,444.24945068359375,,0.344412624835968,,,,
848,456.8543395996094,,0.32901737093925476,,,,
849,473.6791687011719,,0.3401794135570526,,,,
850,450.3160400390625,,0.313374787569046,,,,
851,456.33514404296875,,0.32944661378860474,,,,
852,455.86328125,,0.37568557262420654,,,,
853,452.06341552734375,,0.329018771648407,,,,
854,475.097412109375,,0.34450215101242065,,,,
855,473.17279052734375,,0.3134614825248718,,,,
856,450.48687744140625,,0.35119110345840454,,,,
857,455.63238525390625,,0.32183682918548584,,,,
858,452.81988525390625,,0.3519629240036011,,,,
859,444.32867431640625,,0.3132888674736023,,,,
860,465.069580078125,,0.3216054141521454,,,,
861,448.1596984863281,,0.3133373260498047,,,,
862,465.536376953125,,0.32921361923217773,,,,
863,460.59771728515625,,0.3289598822593689,,,,
864,427.60723876953125,,0.3446030020713806,,,,
865,463.2474365234375,,0.32930660247802734,,,,
866,429.4646301269531,,0.3290337920188904,,,,
867,474.8516540527344,,0.31331875920295715,,,,
868,444.4939880371094,,0.32908809185028076,,,,
869,441.47796630859375,,0.34637895226478577,,,,
870,446.1085510253906,,0.34454235434532166,,,,
871,478.18798828125,,0.36020609736442566,,,,
872,470.5653991699219,,0.373207151889801,,,,
873,450.74810791015625,,0.32027357816696167,,,,
874,494.518310546875,,0.3146761655807495,,,,
875,466.224365234375,,0.35979899764060974,,,,
876,438.352783203125,,0.3289509415626526,,,,
877,464.2276306152344,,0.3134830594062805,,,,
878,483.4835205078125,,0.31654518842697144,,,,
879,469.54473876953125,,0.37561506032943726,,,,
880,465.102783203125,,0.3298250734806061,,,,
881,424.4380798339844,,0.33288833498954773,,,,
882,454.613525390625,,0.3289988040924072,,,,
883,442.5302429199219,,0.3319252133369446,,,,
884,455.6719970703125,,0.31329232454299927,,,,
885,472.88214111328125,,0.37321925163269043,,,,
886,448.8138427734375,,0.3191279470920563,,,,
887,454.54229736328125,,0.32893869280815125,,,,
888,455.6692199707031,,0.3444857597351074,,,,
889,452.3179931640625,,0.3322012424468994,,,,
890,474.6636657714844,,0.3596196472644806,,,,
891,472.91802978515625,,0.3132944107055664,,,,
892,449.48736572265625,,0.36058712005615234,,,,
893,453.12176513671875,,0.3445720076560974,,,,
894,451.9624328613281,,0.37027236819267273,,,,
895,443.8721618652344,,0.32746416330337524,,,,
896,464.0377197265625,,0.3136408030986786,,,,
897,448.03448486328125,,0.3601343631744385,,,,
898,466.3116455078125,,0.403371661901474,,,,
899,459.50836181640625,,0.39148619771003723,,,,
900,427.3091125488281,,0.34472763538360596,,,,
901,462.56365966796875,,0.3289269208908081,,,,
902,429.5234375,,0.34478959441185,,,,
903,475.05364990234375,,0.3133620619773865,,,,
904,443.9745178222656,,0.3147123456001282,,,,
905,441.52581787109375,,0.36038893461227417,,,,
906,445.42596435546875,,0.34408658742904663,,,,
907,477.07568359375,,0.34457623958587646,,,,
908,470.024658203125,,0.3133675754070282,,,,
909,449.9069519042969,,0.3134734332561493,,,,
910,493.7259521484375,,0.36028003692626953,,,,
911,464.9165344238281,,0.3291919529438019,,,,
912,436.7048645019531,,0.32892316579818726,,,,
913,463.8046875,,0.31331372261047363,,,,
914,483.6060791015625,,0.3133857846260071,,,,
915,470.53692626953125,,0.3651691675186157,,,,
916,464.8948974609375,,0.3289465606212616,,,,
917,423.91534423828125,,0.31332242488861084,,,,
918,453.99017333984375,,0.34453272819519043,,,,
919,443.0679931640625,,0.31338047981262207,,,,
920,456.4551696777344,,0.31351709365844727,,,,
921,473.259033203125,,0.34504783153533936,,,,
922,449.58807373046875,,0.34414851665496826,,,,
923,454.6036071777344,,0.3134000599384308,,,,
924,455.6993408203125,,0.31329452991485596,,,,
925,451.32080078125,,0.3437809348106384,,,,
926,474.35546875,,0.34455788135528564,,,,
927,472.1221618652344,,0.32902640104293823,,,,
928,449.6387939453125,,0.3464719355106354,,,,
929,454.0610046386719,,0.3440852463245392,,,,
930,452.1951904296875,,0.34691953659057617,,,,
931,443.8228759765625,,0.31565719842910767,,,,
932,464.6314392089844,,0.3289397358894348,,,,
933,448.1448059082031,,0.31483161449432373,,,,
934,466.05035400390625,,0.3133246898651123,,,,
935,459.7423095703125,,0.328960657119751,,,,
936,427.5628662109375,,0.3289351463317871,,,,
937,462.9679260253906,,0.34451422095298767,,,,
938,429.8095703125,,0.32895028591156006,,,,
939,475.9674987792969,,0.3296352028846741,,,,
940,444.51568603515625,,0.31364893913269043,,,,
941,441.0444030761719,,0.3445323407649994,,,,
942,445.0423889160156,,0.3289439082145691,,,,
943,478.39654541015625,,0.3602011203765869,,,,
944,470.2112731933594,,0.31329938769340515,,,,
945,449.53570556640625,,0.33682411909103394,,,,
946,492.87725830078125,,0.32925093173980713,,,,
947,463.6512451171875,,0.32896947860717773,,,,
948,437.07916259765625,,0.3356078267097473,,,,
949,463.47174072265625,,0.31328433752059937,,,,
950,482.69024658203125,,0.31328487396240234,,,,
951,469.7327880859375,,0.34649938344955444,,,,
952,464.18402099609375,,0.34458935260772705,,,,
953,422.78131103515625,,0.3601461946964264,,,,
954,453.112060546875,,0.3591693639755249,,,,
955,442.5982666015625,,0.31444618105888367,,,,
956,456.0462646484375,,0.32891222834587097,,,,
957,472.7210693359375,,0.32826513051986694,,,,
958,449.35546875,,0.33750754594802856,,,,
959,454.937744140625,,0.3133309483528137,,,,
960,455.5928955078125,,0.32892000675201416,,,,
961,451.52569580078125,,0.34451615810394287,,,,
962,473.59930419921875,,0.3289184868335724,,,,
963,471.4337463378906,,0.3289286494255066,,,,
964,449.4835510253906,,0.34253478050231934,,,,
965,453.0224609375,,0.31327301263809204,,,,
966,452.5022277832031,,0.35820338129997253,,,,
967,444.7602844238281,,0.3445264399051666,,,,
968,464.418212890625,,0.32891368865966797,,,,
969,447.7390441894531,,0.3601522445678711,,,,
970,465.58477783203125,,0.34312039613723755,,,,
971,459.5572204589844,,0.4072493314743042,,,,
972,426.81109619140625,,0.344591349363327,,,,
973,462.28424072265625,,0.3295314610004425,,,,
974,429.9468994140625,,0.31623125076293945,,,,
975,475.5711364746094,,0.32806169986724854,,,,
976,444.33050537109375,,0.3290095925331116,,,,
977,441.3060607910156,,0.34463798999786377,,,,
978,445.7063293457031,,0.3135242462158203,,,,
979,476.489013671875,,0.31756484508514404,,,,
980,469.846923828125,,0.3516186475753784,,,,
981,449.297119140625,,0.3134523034095764,,,,
982,492.8409729003906,,0.3290777802467346,,,,
983,462.5223388671875,,0.36231285333633423,,,,
984,437.15692138671875,,0.3135277330875397,,,,
985,464.77423095703125,,0.32858067750930786,,,,
986,482.8584289550781,,0.3132808804512024,,,,
987,476.88824462890625,,0.3289479911327362,,,,
988,469.76849365234375,,0.3151676058769226,,,,
989,468.65045166015625,,0.3449775278568268,,,,
990,469.8978271484375,,0.3601927161216736,,,,
991,433.14404296875,,0.34465116262435913,,,,
992,446.23016357421875,,0.3261997699737549,,,,
993,463.211669921875,,0.3442784547805786,,,,
994,471.65777587890625,,0.3137906789779663,,,,
995,477.8293151855469,,0.34463179111480713,,,,
996,435.50360107421875,,0.3357422947883606,,,,
997,470.5979919433594,,0.3281291723251343,,,,
998,481.26031494140625,,0.32837289571762085,,,,
999,472.68963623046875,,0.3290466070175171,,,,
1000,432.531005859375,,0.32964861392974854,,,,
1001,460.26031494140625,,0.3422996997833252,,,,
1002,445.42718505859375,,0.31331974267959595,,,,
1003,443.73272705078125,,0.34464031457901,,,,
1004,466.80682373046875,,0.3328976333141327,,,,
1005,447.8581848144531,,0.3135145902633667,,,,
1006,440.78265380859375,,0.359877347946167,,,,
1007,470.789306640625,,0.386940062046051,,,,
1008,431.79327392578125,,0.32986772060394287,,,,
1009,466.8133850097656,,0.3289675712585449,,,,
1010,448.5903625488281,,0.3133702576160431,,,,
1011,446.310302734375,,0.3159809112548828,,,,
1012,435.28826904296875,,0.34468597173690796,,,,
1013,450.5673828125,,0.36025765538215637,,,,
1014,459.2629699707031,,0.345906138420105,,,,
1015,442.65240478515625,,0.3134152889251709,,,,
1016,463.65069580078125,,0.3445817530155182,,,,
1017,482.671630859375,,0.3139890432357788,,,,
1018,431.2015075683594,,0.339537113904953,,,,
1019,453.580810546875,,0.3133847713470459,,,,
1020,467.6029968261719,,0.3443596363067627,,,,
1021,462.3996276855469,,0.32933396100997925,,,,
1022,466.0643310546875,,0.31397050619125366,,,,
1023,476.3336181640625,,0.34461039304733276,,,,
1024,468.9007263183594,,0.32899439334869385,,,,
1025,467.92864990234375,,0.37135225534439087,,,,
1026,470.804443359375,,0.3300238847732544,,,,
1027,433.3864440917969,,0.3594115376472473,,,,
1028,444.9290771484375,,0.3291531801223755,,,,
1029,460.6679382324219,,0.4370512366294861,,,,
1030,471.0579833984375,,0.36044037342071533,,,,
1031,475.5618896484375,,0.3289596736431122,,,,
1032,434.5667419433594,,0.37557607889175415,,,,
1033,470.48895263671875,,0.31335508823394775,,,,
1034,481.29022216796875,,0.31397441029548645,,,,
1035,472.87030029296875,,0.3290199041366577,,,,
1036,431.925048828125,,0.3316015601158142,,,,
1037,459.1038513183594,,0.3270508646965027,,,,
1038,445.57757568359375,,0.3132973909378052,,,,
1039,443.66326904296875,,0.32905179262161255,,,,
1040,466.39007568359375,,0.34469252824783325,,,,
1041,447.62066650390625,,0.39260944724082947,,,,
1042,440.0680236816406,,0.3135470151901245,,,,
1043,470.25140380859375,,0.3425145745277405,,,,
1044,431.5731506347656,,0.3272244930267334,,,,
1045,466.29681396484375,,0.3289395868778229,,,,
1046,448.913818359375,,0.342839777469635,,,,
1047,446.0306091308594,,0.3134188652038574,,,,
1048,435.0462646484375,,0.34477508068084717,,,,
1049,450.044921875,,0.37583115696907043,,,,
1050,458.6136474609375,,0.3446196913719177,,,,
1051,442.7518005371094,,0.344585657119751,,,,
1052,463.50567626953125,,0.33597975969314575,,,,
1053,482.03082275390625,,0.34407907724380493,,,,
1054,430.39739990234375,,0.3504208028316498,,,,
1055,453.96160888671875,,0.328869104385376,,,,
1056,466.93035888671875,,0.32894372940063477,,,,
1057,463.08795166015625,,0.3303215205669403,,,,
1058,464.64959716796875,,0.3149183392524719,,,,
1059,477.09588623046875,,0.3911915421485901,,,,
1060,468.9852294921875,,0.3132929801940918,,,,
1061,467.3477783203125,,0.34454405307769775,,,,
1062,470.3476257324219,,0.32839658856391907,,,,
1063,432.6910400390625,,0.3446946144104004,,,,
1064,444.541748046875,,0.33630138635635376,,,,
1065,460.53057861328125,,0.34445470571517944,,,,
1066,469.5316162109375,,0.33393049240112305,,,,
1067,476.0455017089844,,0.3290269672870636,,,,
1068,434.043701171875,,0.3288825750350952,,,,
1069,469.8480224609375,,0.3289003074169159,,,,
1070,480.59228515625,,0.3224952816963196,,,,
1071,472.00750732421875,,0.32956501841545105,,,,
1072,431.470703125,,0.3133074939250946,,,,
1073,460.9857482910156,,0.3305346369743347,,,,
1074,445.49676513671875,,0.3289189338684082,,,,
1075,443.3736572265625,,0.36024585366249084,,,,
1076,465.48236083984375,,0.31386804580688477,,,,
1077,446.57659912109375,,0.3446277678012848,,,,
1078,439.37725830078125,,0.313323974609375,,,,
1079,469.8554382324219,,0.3289650082588196,,,,
1080,431.1316833496094,,0.313270628452301,,,,
1081,466.00115966796875,,0.36024630069732666,,,,
1082,448.31744384765625,,0.3133257031440735,,,,
1083,445.30194091796875,,0.3286835551261902,,,,
1084,434.4068603515625,,0.3386639654636383,,,,
1085,449.40179443359375,,0.3289089798927307,,,,
1086,458.5845031738281,,0.3255135416984558,,,,
1087,441.4547424316406,,0.3313101530075073,,,,
1088,463.815185546875,,0.3289205729961395,,,,
1089,481.0216064453125,,0.3136977553367615,,,,
1090,430.8658447265625,,0.3132930397987366,,,,
1091,453.40740966796875,,0.3445844054222107,,,,
1092,466.51251220703125,,0.3139870762825012,,,,
1093,462.11077880859375,,0.3445221185684204,,,,
1094,464.708251953125,,0.34635376930236816,,,,
1095,476.34368896484375,,0.3447222113609314,,,,
1096,468.68792724609375,,0.3289257884025574,,,,
1097,466.4446716308594,,0.3289027810096741,,,,
1098,470.3291931152344,,0.32783693075180054,,,,
1099,432.8277587890625,,0.34097394347190857,,,,
1100,445.1386413574219,,0.32639187574386597,,,,
1101,460.85516357421875,,0.328935831785202,,,,
1102,470.6373291015625,,0.3601410388946533,,,,
1103,475.4361572265625,,0.3288964033126831,,,,
1104,433.9808349609375,,0.32894670963287354,,,,
1105,470.8453674316406,,0.3133205771446228,,,,
1106,480.49444580078125,,0.32891327142715454,,,,
1107,471.5894775390625,,0.34459012746810913,,,,
1108,432.36572265625,,0.34445711970329285,,,,
1109,459.5506896972656,,0.31329649686813354,,,,
1110,445.1201171875,,0.3133386969566345,,,,
1111,443.5074462890625,,0.33741647005081177,,,,
1112,465.81158447265625,,0.3133183717727661,,,,
1113,447.1988220214844,,0.3840824365615845,,,,
1114,438.7301025390625,,0.32893356680870056,,,,
1115,470.2531433105469,,0.35957467555999756,,,,
1116,431.9507141113281,,0.3289068341255188,,,,
1117,466.1304931640625,,0.3913596272468567,,,,
1118,448.50128173828125,,0.3289008140563965,,,,
1119,445.031982421875,,0.3133108615875244,,,,
1120,434.9933776855469,,0.36017677187919617,,,,
1121,449.871826171875,,0.3441872000694275,,,,
1122,458.22265625,,0.34446102380752563,,,,
1123,442.1405334472656,,0.3289129137992859,,,,
1124,462.1624755859375,,0.34739965200424194,,,,
1125,481.7307434082031,,0.3584093153476715,,,,
1126,429.949951171875,,0.331840455532074,,,,
1127,452.47943115234375,,0.3289110064506531,,,,
1128,448.5942077636719,,0.3275313973426819,,,,
1129,472.92950439453125,,0.3445415496826172,,,,
1130,463.2823791503906,,0.3212618827819824,,,,
1131,456.6058044433594,,0.3289251923561096,,,,
1132,453.402587890625,,0.3445005714893341,,,,
1133,439.39288330078125,,0.3601628541946411,,,,
1134,458.5255432128906,,0.3752114474773407,,,,
1135,470.72161865234375,,0.31328362226486206,,,,
1136,435.1542053222656,,0.3289114236831665,,,,
1137,448.85382080078125,,0.3289317786693573,,,,
1138,419.8636474609375,,0.31335684657096863,,,,
1139,445.380859375,,0.3289263844490051,,,,
1140,452.30206298828125,,0.3288272023200989,,,,
1141,447.4760437011719,,0.34438902139663696,,,,
1142,462.13623046875,,0.34465596079826355,,,,
1143,444.33148193359375,,0.31330159306526184,,,,
1144,467.47216796875,,0.34456464648246765,,,,
1145,471.82818603515625,,0.33635759353637695,,,,
1146,454.5214538574219,,0.313277930021286,,,,
1147,441.7157897949219,,0.32905346155166626,,,,
1148,462.52685546875,,0.35477107763290405,,,,
1149,459.61260986328125,,0.32892364263534546,,,,
1150,451.0873107910156,,0.3134530782699585,,,,
1151,457.8875732421875,,0.3913761079311371,,,,
1152,463.9804992675781,,0.37565213441848755,,,,
1153,464.7421569824219,,0.3834456205368042,,,,
1154,441.0123291015625,,0.3294658064842224,,,,
1155,477.5090026855469,,0.3580755889415741,,,,
1156,455.1946716308594,,0.3141235113143921,,,,
1157,452.49713134765625,,0.35779011249542236,,,,
1158,434.34136962890625,,0.3199877142906189,,,,
1159,462.39678955078125,,0.3278285264968872,,,,
1160,456.179443359375,,0.3289826214313507,,,,
1161,444.70538330078125,,0.3289303779602051,,,,
1162,469.9539489746094,,0.3289127051830292,,,,
1163,474.1964416503906,,0.33132192492485046,,,,
1164,448.6485290527344,,0.32889896631240845,,,,
1165,472.3489685058594,,0.3289877772331238,,,,
1166,463.9389953613281,,0.3132975101470947,,,,
1167,457.4036865234375,,0.3133825957775116,,,,
1168,452.7724914550781,,0.32892945408821106,,,,
1169,438.48291015625,,0.3447624742984772,,,,
1170,458.77294921875,,0.32895350456237793,,,,
1171,470.6417236328125,,0.31343311071395874,,,,
1172,434.00115966796875,,0.32884541153907776,,,,
1173,448.25946044921875,,0.31333091855049133,,,,
1174,420.9146728515625,,0.3289394974708557,,,,
1175,445.48919677734375,,0.3564963936805725,,,,
1176,451.32574462890625,,0.34456607699394226,,,,
1177,447.0877990722656,,0.32891014218330383,,,,
1178,460.3947448730469,,0.34453529119491577,,,,
1179,443.2532653808594,,0.3133052885532379,,,,
1180,467.70611572265625,,0.3445323407649994,,,,
1181,472.1571044921875,,0.3289068937301636,,,,
1182,454.52960205078125,,0.3288993835449219,,,,
1183,440.84832763671875,,0.34490978717803955,,,,
1184,462.42889404296875,,0.31333738565444946,,,,
1185,459.37689208984375,,0.33460789918899536,,,,
1186,451.47271728515625,,0.3132822513580322,,,,
1187,459.17779541015625,,0.3285980224609375,,,,
1188,464.90374755859375,,0.3192445635795593,,,,
1189,465.3287353515625,,0.31331056356430054,,,,
1190,440.6253662109375,,0.32837480306625366,,,,
1191,477.18890380859375,,0.32893282175064087,,,,
1192,455.75982666015625,,0.31348150968551636,,,,
1193,452.5697021484375,,0.3442724347114563,,,,
1194,433.9578857421875,,0.31336116790771484,,,,
1195,462.72845458984375,,0.3149610757827759,,,,
1196,456.68994140625,,0.31340113282203674,,,,
1197,445.24481201171875,,0.3502364158630371,,,,
1198,470.5648193359375,,0.3289570212364197,,,,
1199,474.78460693359375,,0.3285514712333679,,,,
1200,448.50390625,,0.33025985956192017,,,,
1201,472.5847473144531,,0.3602184057235718,,,,
1202,463.4216003417969,,0.3139328360557556,,,,
1203,456.9500732421875,,0.3133384585380554,,,,
1204,453.2394714355469,,0.34453392028808594,,,,
1205,438.37176513671875,,0.344526082277298,,,,
1206,458.4383544921875,,0.3457189202308655,,,,
1207,469.30609130859375,,0.3591572046279907,,,,
1208,433.78253173828125,,0.3299425542354584,,,,
1209,446.77410888671875,,0.3289256691932678,,,,
1210,420.0568542480469,,0.32890212535858154,,,,
1211,444.95782470703125,,0.313701868057251,,,,
1212,451.74609375,,0.3445306122303009,,,,
1213,447.592529296875,,0.3603684902191162,,,,
1214,455.9963684082031,,0.3602268695831299,,,,
1215,443.1355285644531,,0.3289140462875366,,,,
1216,466.6027526855469,,0.34455621242523193,,,,
1217,471.5797424316406,,0.33066046237945557,,,,
1218,453.94537353515625,,0.3133065104484558,,,,
1219,440.7728271484375,,0.32891446352005005,,,,
1220,462.5588073730469,,0.31329137086868286,,,,
1221,459.4215393066406,,0.36019158363342285,,,,
1222,450.618408203125,,0.31328633427619934,,,,
1223,456.6405029296875,,0.31329095363616943,,,,
1224,463.06866455078125,,0.31348711252212524,,,,
1225,463.1698913574219,,0.32889923453330994,,,,
1226,441.0832214355469,,0.32890039682388306,,,,
1227,476.68756103515625,,0.3411012887954712,,,,
1228,455.69293212890625,,0.3132898211479187,,,,
1229,451.4935302734375,,0.3586142659187317,,,,
1230,433.7514953613281,,0.3287644386291504,,,,
1231,461.99542236328125,,0.34456345438957214,,,,
1232,455.88397216796875,,0.3132842779159546,,,,
1233,444.054443359375,,0.31424808502197266,,,,
1234,469.9537048339844,,0.3289726972579956,,,,
1235,473.15069580078125,,0.31640130281448364,,,,
1236,448.8519287109375,,0.3448216915130615,,,,
1237,472.08056640625,,0.3446423411369324,,,,
1238,462.4207763671875,,0.31388628482818604,,,,
1239,455.9520263671875,,0.31332188844680786,,,,
1240,452.66552734375,,0.3138299584388733,,,,
1241,438.6679992675781,,0.34600284695625305,,,,
1242,458.54852294921875,,0.3447362184524536,,,,
1243,470.0959777832031,,0.31343913078308105,,,,
1244,433.07318115234375,,0.3289277255535126,,,,
1245,447.2883605957031,,0.32901662588119507,,,,
1246,419.6955871582031,,0.31329643726348877,,,,
1247,444.59185791015625,,0.3133023977279663,,,,
1248,451.6737365722656,,0.32947635650634766,,,,
1249,446.5400390625,,0.3289760947227478,,,,
1250,459.7897033691406,,0.3445855975151062,,,,
1251,443.58587646484375,,0.33932679891586304,,,,
1252,466.63641357421875,,0.3639656901359558,,,,
1253,471.548828125,,0.3553365468978882,,,,
1254,453.85858154296875,,0.3138123154640198,,,,
1255,440.5496826171875,,0.3303721249103546,,,,
1256,461.948486328125,,0.3132792115211487,,,,
1257,459.6802978515625,,0.35994309186935425,,,,
1258,450.45928955078125,,0.3132798373699188,,,,
1259,456.72332763671875,,0.3289274573326111,,,,
1260,463.5174560546875,,0.3435717225074768,,,,
1261,464.0126953125,,0.3133174777030945,,,,
1262,440.682861328125,,0.3288886845111847,,,,
1263,476.7029113769531,,0.3445149064064026,,,,
1264,454.5921936035156,,0.3134228587150574,,,,
1265,451.8548583984375,,0.3390023112297058,,,,
1266,433.9474792480469,,0.3132721483707428,,,,
1267,462.4679260253906,,0.313279390335083,,,,
1268,456.1177062988281,,0.3445342779159546,,,,
1269,450.20855712890625,,0.3445243835449219,,,,
1270,430.1438903808594,,0.3132820725440979,,,,
1271,445.5771484375,,0.34451213479042053,,,,
1272,454.7146911621094,,0.3673965334892273,,,,
1273,443.12420654296875,,0.3602847456932068,,,,
1274,440.0340576171875,,0.3445149064064026,,,,
1275,448.8752746582031,,0.31327110528945923,,,,
1276,457.92022705078125,,0.3440955579280853,,,,
1277,449.5582580566406,,0.32891854643821716,,,,
1278,464.564697265625,,0.3389827609062195,,,,
1279,464.2253112792969,,0.3133144676685333,,,,
1280,451.9222412109375,,0.3133648931980133,,,,
1281,471.6440734863281,,0.313305139541626,,,,
1282,476.8514404296875,,0.31328701972961426,,,,
1283,431.47076416015625,,0.3133193552494049,,,,
1284,438.2112731933594,,0.36015230417251587,,,,
1285,434.4273681640625,,0.3757452368736267,,,,
1286,460.341796875,,0.34453144669532776,,,,
1287,427.683349609375,,0.3224118947982788,,,,
1288,470.128662109375,,0.3148430585861206,,,,
1289,439.1742248535156,,0.32880353927612305,,,,
1290,471.22003173828125,,0.3392360210418701,,,,
1291,425.9400634765625,,0.34452933073043823,,,,
1292,446.74407958984375,,0.31329309940338135,,,,
1293,465.6705017089844,,0.3132893443107605,,,,
1294,475.6883544921875,,0.3132685422897339,,,,
1295,464.87579345703125,,0.3132803440093994,,,,
1296,453.6605224609375,,0.3248433470726013,,,,
1297,469.2940673828125,,0.33082932233810425,,,,
1298,451.45562744140625,,0.3445116877555847,,,,
1299,447.7907409667969,,0.31330740451812744,,,,
1300,453.173828125,,0.31329572200775146,,,,
1301,462.8772277832031,,0.34453511238098145,,,,
1302,465.65960693359375,,0.31344854831695557,,,,
1303,485.2872619628906,,0.3597990870475769,,,,
1304,469.4659423828125,,0.3133125305175781,,,,
1305,451.77679443359375,,0.31341683864593506,,,,
1306,430.98004150390625,,0.31345051527023315,,,,
1307,446.62322998046875,,0.3288601338863373,,,,
1308,455.1363525390625,,0.3446514308452606,,,,
1309,442.4022216796875,,0.34452271461486816,,,,
1310,439.83514404296875,,0.3757424056529999,,,,
1311,448.3963623046875,,0.3265400826931,,,,
1312,457.548095703125,,0.34451887011528015,,,,
1313,448.749755859375,,0.3289612829685211,,,,
1314,465.04315185546875,,0.34576278924942017,,,,
1315,464.5882568359375,,0.3132860064506531,,,,
1316,451.35455322265625,,0.32894572615623474,,,,
1317,470.62286376953125,,0.32941240072250366,,,,
1318,476.1274108886719,,0.3361417055130005,,,,
1319,430.76983642578125,,0.31327706575393677,,,,
1320,440.0006408691406,,0.36146456003189087,,,,
1321,435.49322509765625,,0.34418240189552307,,,,
1322,459.94891357421875,,0.31335097551345825,,,,
1323,427.5013427734375,,0.3133132755756378,,,,
1324,469.296630859375,,0.31396758556365967,,,,
1325,439.08282470703125,,0.3133068084716797,,,,
1326,471.02655029296875,,0.3288959562778473,,,,
1327,426.44622802734375,,0.32887759804725647,,,,
1328,446.79132080078125,,0.31327685713768005,,,,
1329,464.9690856933594,,0.3290056884288788,,,,
1330,475.88592529296875,,0.34457987546920776,,,,
1331,463.9134826660156,,0.35612016916275024,,,,
1332,453.7879638671875,,0.3289734125137329,,,,
1333,469.42071533203125,,0.3445170223712921,,,,
1334,451.17755126953125,,0.3588535785675049,,,,
1335,444.1421203613281,,0.3133015036582947,,,,
1336,452.95977783203125,,0.32889771461486816,,,,
1337,462.7076110839844,,0.3465312123298645,,,,
1338,464.95733642578125,,0.3445114195346832,,,,
1339,485.244873046875,,0.32919347286224365,,,,
1340,469.4326477050781,,0.3288465142250061,,,,
1341,451.180419921875,,0.37009716033935547,,,,
1342,430.7938232421875,,0.31334421038627625,,,,
1343,445.5767822265625,,0.328899621963501,,,,
1344,454.50701904296875,,0.3288954496383667,,,,
1345,443.0366516113281,,0.3446060121059418,,,,
1346,439.617919921875,,0.3133983910083771,,,,
1347,450.60321044921875,,0.31443172693252563,,,,
1348,457.61187744140625,,0.31329816579818726,,,,
1349,449.2757568359375,,0.3445858359336853,,,,
1350,465.31201171875,,0.32892560958862305,,,,
1351,464.03125,,0.31329458951950073,,,,
1352,451.80224609375,,0.31328901648521423,,,,
1353,470.8819274902344,,0.31327754259109497,,,,
1354,476.418212890625,,0.32902801036834717,,,,
1355,430.4576721191406,,0.32923394441604614,,,,
1356,438.5989685058594,,0.3290809988975525,,,,
1357,434.5926513671875,,0.34463489055633545,,,,
1358,458.96240234375,,0.31333744525909424,,,,
1359,427.96612548828125,,0.3133106231689453,,,,
1360,468.30096435546875,,0.32898175716400146,,,,
1361,438.62744140625,,0.3289225697517395,,,,
1362,469.53564453125,,0.34456294775009155,,,,
1363,425.4320068359375,,0.3133237957954407,,,,
1364,446.16461181640625,,0.3289550244808197,,,,
1365,464.4915771484375,,0.3133334517478943,,,,
1366,475.8623352050781,,0.3132740259170532,,,,
1367,463.5301513671875,,0.32896751165390015,,,,
1368,452.9366455078125,,0.313296914100647,,,,
1369,468.95587158203125,,0.3454405665397644,,,,
1370,450.81622314453125,,0.31364691257476807,,,,
1371,444.4180908203125,,0.3288978338241577,,,,
1372,452.5992431640625,,0.3132811188697815,,,,
1373,462.000244140625,,0.34392327070236206,,,,
1374,465.12890625,,0.3289647400379181,,,,
1375,484.1634521484375,,0.34444910287857056,,,,
1376,468.82708740234375,,0.32891184091567993,,,,
1377,451.1017761230469,,0.3133181929588318,,,,
1378,430.9332580566406,,0.34454962611198425,,,,
1379,445.97845458984375,,0.34452635049819946,,,,
1380,453.6932067871094,,0.3444673418998718,,,,
1381,443.1592712402344,,0.3417847752571106,,,,
1382,440.33953857421875,,0.3287898302078247,,,,
1383,448.09600830078125,,0.31331825256347656,,,,
1384,457.55841064453125,,0.32816627621650696,,,,
1385,449.77020263671875,,0.36418360471725464,,,,
1386,465.51385498046875,,0.3133533298969269,,,,
1387,464.4969787597656,,0.31331267952919006,,,,
1388,451.3865661621094,,0.3133166432380676,,,,
1389,470.514892578125,,0.3443220853805542,,,,
1390,476.266357421875,,0.34437018632888794,,,,
1391,430.8154296875,,0.31331053376197815,,,,
1392,438.8266906738281,,0.34423768520355225,,,,
1393,434.476806640625,,0.3288959264755249,,,,
1394,458.96966552734375,,0.32558906078338623,,,,
1395,427.8919372558594,,0.31329455971717834,,,,
1396,469.3436584472656,,0.3488267660140991,,,,
1397,438.6488952636719,,0.31764376163482666,,,,
1398,470.84613037109375,,0.34449076652526855,,,,
1399,425.6022033691406,,0.31343960762023926,,,,
1400,445.826171875,,0.3132953643798828,,,,
1401,465.0760192871094,,0.3448014259338379,,,,
1402,475.60870361328125,,0.34451425075531006,,,,
1403,463.432861328125,,0.3273031711578369,,,,
1404,453.3858642578125,,0.32890641689300537,,,,
1405,468.85809326171875,,0.35897260904312134,,,,
1406,450.46539306640625,,0.329141229391098,,,,
1407,435.0335693359375,,0.32893621921539307,,,,
1408,452.6302490234375,,0.35586535930633545,,,,
1409,461.7127685546875,,0.3601573705673218,,,,
